idx,voice,text_idx,seed,latency_s,t_start,t_end,wav,sha256,duration_s,campplus_pred,campplus_cos_expected,campplus_margin,campplus_wrong,campplus_cos_all,wavlm_pred,wavlm_cos_expected,wavlm_margin,wavlm_wrong,wavlm_cos_all,wrong_both_agree,wrong_any,asr_text,wer,dur_ratio_run_median
0,k2_zero_shot,0,1000,9.1594,0.0004,9.1598,0000_k2_zero_shot.wav,f69ce542e4d61ed0202f986bb198c35a1e7d291c5c562bcf259195b3359f73e7,4.16,k2_zero_shot,0.6684,0.4809,0,"{""k2_zero_shot"": 0.6684, ""k2_cross_lingual"": 0.1875}",k2_zero_shot,0.9076,0.7085,0,"{""k2_zero_shot"": 0.9076, ""k2_cross_lingual"": 0.1991}",0,0,Thank you so much for the birthday gift you sent me last week!,0.0,1.04
1,k2_cross_lingual,0,1001,9.2018,0.0007,9.2025,0001_k2_cross_lingual.wav,ef6a087fe1af7d01c7abbb088f4c774f1fc860ec329ec665e879c39457081b76,4.08,k2_cross_lingual,0.8842,0.7744,0,"{""k2_zero_shot"": 0.1098, ""k2_cross_lingual"": 0.8842}",k2_cross_lingual,0.8261,0.5636,0,"{""k2_zero_shot"": 0.2625, ""k2_cross_lingual"": 0.8261}",0,0,Thank you so much for the birthday gift you sent me last week.,0.0,1.1087
2,k2_zero_shot,1,1002,10.7895,0.0009,10.7904,0002_k2_zero_shot.wav,0d31dd45b79be9f868d5a35f6bf744eadb4de6bd0dd98e8e3e6834762aa5deef,5.92,k2_zero_shot,0.7595,0.5282,0,"{""k2_zero_shot"": 0.7595, ""k2_cross_lingual"": 0.2313}",k2_zero_shot,0.9022,0.6798,0,"{""k2_zero_shot"": 0.9022, ""k2_cross_lingual"": 0.2224}",0,0,"The weather is lovely today with warm sunshine and a gentle breeze, so we decided to walk in the park.",0.0,1.0496
3,k2_cross_lingual,1,1003,12.3007,0.0011,12.3018,0003_k2_cross_lingual.wav,85cdd66546028d0ba94b3de39bdb294248d3839f026e165d76fe45332826f419,5.24,k2_cross_lingual,0.875,0.7503,0,"{""k2_zero_shot"": 0.1247, ""k2_cross_lingual"": 0.875}",k2_cross_lingual,0.7769,0.4523,0,"{""k2_zero_shot"": 0.3245, ""k2_cross_lingual"": 0.7769}",0,0,"The weather is lovely today with warm sunshine and a gentle breeze, so we decided to walk in the park.",0.0,1.0234
4,k2_zero_shot,2,1004,9.2036,0.0012,9.2049,0004_k2_zero_shot.wav,349d366aa9d833e219f28bef4ae6cd6930c243c1c1cfa90c4c44b2b3885b6eb6,4.4,k2_zero_shot,0.7122,0.5528,0,"{""k2_zero_shot"": 0.7122, ""k2_cross_lingual"": 0.1594}",k2_zero_shot,0.9014,0.671,0,"{""k2_zero_shot"": 0.9014, ""k2_cross_lingual"": 0.2304}",0,0,Please remember to bring your notebook and a pen to the meeting tomorrow morning.,0.0,0.991
5,k2_cross_lingual,2,1005,9.2028,0.0014,9.2042,0005_k2_cross_lingual.wav,25492d5fb64443c4a6315459d9e0f2dcc4ebb0bb5abca6dec72cd8ca5e9e9bca,3.72,k2_cross_lingual,0.8749,0.7465,0,"{""k2_zero_shot"": 0.1284, ""k2_cross_lingual"": 0.8749}",k2_cross_lingual,0.8215,0.4991,0,"{""k2_zero_shot"": 0.3224, ""k2_cross_lingual"": 0.8215}",0,0,Please remember to bring your notebook and a pen to the meeting tomorrow morning.,0.0,1.0
6,k2_zero_shot,3,1006,17.9438,0.0015,17.9453,0006_k2_zero_shot.wav,799500b28e0eadd0802f000f6f6d856a77cedc2b9cfc318aac5610db90d81b72,9.68,k2_zero_shot,0.7675,0.5129,0,"{""k2_zero_shot"": 0.7675, ""k2_cross_lingual"": 0.2546}",k2_zero_shot,0.8904,0.6953,0,"{""k2_zero_shot"": 0.8904, ""k2_cross_lingual"": 0.195}",0,0,"After the long winter, the farmers were glad to see the first green shoots appear in the fields, and the children ran outside to play until the sun went down behind the hills.",0.0,1.0522
7,k2_cross_lingual,3,1007,14.9495,0.0017,14.9511,0007_k2_cross_lingual.wav,bc557944b97004ff0991129c7a743e975f7bf4b4b9ffc90061d9853601859098,8.68,k2_cross_lingual,0.8976,0.7737,0,"{""k2_zero_shot"": 0.1239, ""k2_cross_lingual"": 0.8976}",k2_cross_lingual,0.7605,0.404,0,"{""k2_zero_shot"": 0.3566, ""k2_cross_lingual"": 0.7605}",0,0,"After the long winter, the farmers were glad to see the first green shoots appear in the fields, and the children ran outside to play until the sun went down behind the hills.",0.0,0.9909
8,k2_zero_shot,0,1008,12.7937,9.1606,21.9543,0008_k2_zero_shot.wav,596950f489978a20a5eb0bb224f0dc44b38007088dbc7278f20f507d1889b02f,4.52,k2_zero_shot,0.6638,0.4649,0,"{""k2_zero_shot"": 0.6638, ""k2_cross_lingual"": 0.1989}",k2_zero_shot,0.9197,0.6178,0,"{""k2_zero_shot"": 0.9197, ""k2_cross_lingual"": 0.302}",0,0,Thank you so much for the birthday gift you sent me last week.,0.0,1.13
9,k2_cross_lingual,0,1009,12.7676,9.2033,21.9709,0009_k2_cross_lingual.wav,383e05faee1ef2399c272598fca9f67014c81765dd6f7423b086f6fff04b9a7f,4.88,k2_cross_lingual,0.7266,0.5224,0,"{""k2_zero_shot"": 0.2042, ""k2_cross_lingual"": 0.7266}",k2_cross_lingual,0.7265,0.2213,0,"{""k2_zero_shot"": 0.5051, ""k2_cross_lingual"": 0.7265}",0,0,Thank you so much for the birthday gift you sent me last week.,0.0,1.3261
10,k2_zero_shot,1,1010,12.7668,9.2056,21.9724,0010_k2_zero_shot.wav,e402f28b94f3992841dfa9245573fd88f5a9fb3a70925abe60c6e03e3d829e20,6.0,k2_zero_shot,0.7395,0.5263,0,"{""k2_zero_shot"": 0.7395, ""k2_cross_lingual"": 0.2132}",k2_zero_shot,0.899,0.6752,0,"{""k2_zero_shot"": 0.899, ""k2_cross_lingual"": 0.2238}",0,0,"The weather is lovely today with warm sunshine and a gentle breeze, so we decided to walk in the park.",0.0,1.0638
11,k2_cross_lingual,1,1011,12.768,9.2059,21.9738,0011_k2_cross_lingual.wav,ab666be9854da6698f7f9af603441f55e7675d905a54367d95104b45e4651b12,6.16,k2_cross_lingual,0.8442,0.7372,0,"{""k2_zero_shot"": 0.1069, ""k2_cross_lingual"": 0.8442}",k2_cross_lingual,0.752,0.4477,0,"{""k2_zero_shot"": 0.3043, ""k2_cross_lingual"": 0.752}",0,0,"The weather is lovely today with warm sunshine and a gentle breeze, so we decided to walk in the park.",0.0,1.2031
12,k2_zero_shot,2,1012,12.3408,10.7913,23.1321,0012_k2_zero_shot.wav,717c52130e87f00249ba34ff8a84962ac64631d9cc1462dc195525c1db9336c0,4.72,k2_zero_shot,0.7219,0.5582,0,"{""k2_zero_shot"": 0.7219, ""k2_cross_lingual"": 0.1637}",k2_zero_shot,0.9432,0.6628,0,"{""k2_zero_shot"": 0.9432, ""k2_cross_lingual"": 0.2804}",0,0,Please remember to bring your notebook and a pen to the meeting tomorrow morning.,0.0,1.0631
13,k2_cross_lingual,2,1013,10.0322,12.3027,22.3349,0013_k2_cross_lingual.wav,bc63d6c91a62e1964f08996ea15ac8a8bfde9f77790af7187998b0cb66b6ca50,3.68,k2_cross_lingual,0.7948,0.6822,0,"{""k2_zero_shot"": 0.1126, ""k2_cross_lingual"": 0.7948}",k2_cross_lingual,0.8181,0.53,0,"{""k2_zero_shot"": 0.2881, ""k2_cross_lingual"": 0.8181}",0,0,Please remember to bring your notebook and a pen to the meeting tomorrow morning.,0.0,0.9892
14,k2_zero_shot,3,1014,15.3426,14.9522,30.2948,0014_k2_zero_shot.wav,5616b8794dd2835378c370700bd8094057352db5ceca93b10098b61a2004b872,8.88,k2_zero_shot,0.8099,0.5886,0,"{""k2_zero_shot"": 0.8099, ""k2_cross_lingual"": 0.2213}",k2_zero_shot,0.8982,0.6796,0,"{""k2_zero_shot"": 0.8982, ""k2_cross_lingual"": 0.2187}",0,0,"After the long winter, the farmers were glad to see the first green shoots appear in the fields, and the children ran outside to play until the sun went down behind the hills.",0.0,0.9652
15,k2_cross_lingual,3,1015,16.0814,17.9465,34.0279,0015_k2_cross_lingual.wav,a44f0a3c87572fe83932aa8a30e2b8b621c0f0f7d1dbb28c06e559a598564799,9.52,k2_cross_lingual,0.9005,0.79,0,"{""k2_zero_shot"": 0.1104, ""k2_cross_lingual"": 0.9005}",k2_cross_lingual,0.7717,0.4276,0,"{""k2_zero_shot"": 0.3441, ""k2_cross_lingual"": 0.7717}",0,0,"After the long winter, the farmers were glad to see the first green shoots appear in the fields, and the children ran outside to play until the sun went down behind the hills.",0.0,1.0868
16,k2_zero_shot,0,1016,9.1999,21.9551,31.155,0016_k2_zero_shot.wav,b810162c3e88c6a92b7665685063504702903d0a880495f4a92640318e1ad126,3.52,k2_zero_shot,0.7233,0.5065,0,"{""k2_zero_shot"": 0.7233, ""k2_cross_lingual"": 0.2168}",k2_zero_shot,0.9116,0.6039,0,"{""k2_zero_shot"": 0.9116, ""k2_cross_lingual"": 0.3078}",0,0,Thank you so much for the birthday gift you sent me last week!,0.0,0.88
17,k2_cross_lingual,0,1017,9.1847,21.9717,31.1564,0017_k2_cross_lingual.wav,00e7674a98d95e7fccf9b0d426525c41c3945080bc6c1a72ee99ca0bc249b803,3.72,k2_cross_lingual,0.8286,0.7133,0,"{""k2_zero_shot"": 0.1153, ""k2_cross_lingual"": 0.8286}",k2_cross_lingual,0.8334,0.5282,0,"{""k2_zero_shot"": 0.3052, ""k2_cross_lingual"": 0.8334}",0,0,Thank you so much for the birthday gift you sent me last week.,0.0,1.0109
18,k2_zero_shot,1,1018,11.2934,21.9733,33.2667,0018_k2_zero_shot.wav,0517b624e790857d8aaaab4e7d583339174a2f156fd2ae99c95324feb154bbc6,5.6,k2_zero_shot,0.7522,0.5544,0,"{""k2_zero_shot"": 0.7522, ""k2_cross_lingual"": 0.1977}",k2_zero_shot,0.9033,0.704,0,"{""k2_zero_shot"": 0.9033, ""k2_cross_lingual"": 0.1993}",0,0,"The weather is lovely today with warm sunshine and a gentle breeze, so we decided to walk in the park.",0.0,0.9929
19,k2_cross_lingual,1,1019,11.2932,21.9747,33.2678,0019_k2_cross_lingual.wav,c0c2a992f50de5c0a0ab204e60c7b32f02d48cecbdf8a66b05a065ced05bb9f7,5.76,k2_cross_lingual,0.8968,0.7757,0,"{""k2_zero_shot"": 0.1211, ""k2_cross_lingual"": 0.8968}",k2_cross_lingual,0.7527,0.4162,0,"{""k2_zero_shot"": 0.3365, ""k2_cross_lingual"": 0.7527}",0,0,"The weather is lovely today with warm sunshine and a gentle breeze, so we decided to walk in the park.",0.0,1.125
20,k2_zero_shot,2,1020,10.0763,22.3355,32.4118,0020_k2_zero_shot.wav,c229de5ee1e07a41fcb8778846e67db876dda284b3da80fbca4a477abae4ad0d,4.32,k2_zero_shot,0.7274,0.5309,0,"{""k2_zero_shot"": 0.7274, ""k2_cross_lingual"": 0.1965}",k2_zero_shot,0.9373,0.6738,0,"{""k2_zero_shot"": 0.9373, ""k2_cross_lingual"": 0.2635}",0,0,Please remember to bring your notebook and a pen to the meeting tomorrow morning.,0.0,0.973
21,k2_cross_lingual,2,1021,10.1328,23.1328,33.2656,0021_k2_cross_lingual.wav,fe74fa4c5c746530192e1608830b14ee8f417cdd9718040544f9810906c4b9eb,3.56,k2_cross_lingual,0.8385,0.7132,0,"{""k2_zero_shot"": 0.1253, ""k2_cross_lingual"": 0.8385}",k2_cross_lingual,0.8498,0.536,0,"{""k2_zero_shot"": 0.3138, ""k2_cross_lingual"": 0.8498}",0,0,Please remember to bring your notebook and a pen to the meeting tomorrow morning.,0.0,0.957
22,k2_zero_shot,3,1022,15.8773,30.296,46.1733,0022_k2_zero_shot.wav,7185afdf21202f4f03da7411e58b7fe70b0f3d662ce5204551f0ba3ad7b0d610,9.92,k2_zero_shot,0.7764,0.5257,0,"{""k2_zero_shot"": 0.7764, ""k2_cross_lingual"": 0.2507}",k2_zero_shot,0.8774,0.6681,0,"{""k2_zero_shot"": 0.8774, ""k2_cross_lingual"": 0.2093}",0,0,"After the long winter, the farmers were glad to see the first green shoots appear in the fields, and the children ran outside to play until the sun went down behind the hills.",0.0,1.0783
23,k2_cross_lingual,3,1023,14.266,31.1558,45.4218,0023_k2_cross_lingual.wav,adfca4caee68c14a912594140b78a13af820ae1e47e21f9e88d9dbd60ed829b4,8.04,k2_cross_lingual,0.9135,0.7954,0,"{""k2_zero_shot"": 0.1182, ""k2_cross_lingual"": 0.9135}",k2_cross_lingual,0.7917,0.4503,0,"{""k2_zero_shot"": 0.3414, ""k2_cross_lingual"": 0.7917}",0,0,"After the long winter, the farmers were glad to see the first green shoots appear in the fields, and the children ran outside to play until the sun went down behind the hills.",0.0,0.9178
24,k2_zero_shot,0,1024,12.028,31.1571,43.1851,0024_k2_zero_shot.wav,2363007f631acf0791eadc2d26afef5802e9a8bdaa1bb6cae4c8e7ae60510ad2,4.8,k2_zero_shot,0.6781,0.4964,0,"{""k2_zero_shot"": 0.6781, ""k2_cross_lingual"": 0.1817}",k2_zero_shot,0.9269,0.6166,0,"{""k2_zero_shot"": 0.9269, ""k2_cross_lingual"": 0.3103}",0,0,Thank you so much for the birthday gift you set me last week.,0.0769,1.2
25,k2_cross_lingual,0,1025,9.856,32.4125,42.2685,0025_k2_cross_lingual.wav,5540c5991a8ea8a4b145504cd7f2efcdea0fecff724864f9658367b3b43cf6a4,3.24,k2_cross_lingual,0.8312,0.702,0,"{""k2_zero_shot"": 0.1292, ""k2_cross_lingual"": 0.8312}",k2_cross_lingual,0.8448,0.5337,0,"{""k2_zero_shot"": 0.3111, ""k2_cross_lingual"": 0.8448}",0,0,Thank you so much for the birthday gift you sent me last week.,0.0,0.8804
26,k2_zero_shot,1,1026,12.1568,33.2663,45.423,0026_k2_zero_shot.wav,3f6d38d0dace7799933fb6ad15c4c6ff60684bad251d614d822ea84d17ba4180,5.6,k2_zero_shot,0.7452,0.5124,0,"{""k2_zero_shot"": 0.7452, ""k2_cross_lingual"": 0.2329}",k2_zero_shot,0.9258,0.6623,0,"{""k2_zero_shot"": 0.9258, ""k2_cross_lingual"": 0.2635}",0,0,"The weather is lovely today with warm sunshine and a gentle breeze, so we decided to walk in the park.",0.0,0.9929
27,k2_cross_lingual,1,1027,12.1533,33.2673,45.4206,0027_k2_cross_lingual.wav,7d4a15743c711eb03b5640915a3a0d6b2b9ef71744cfa80fe0b8b21db4202c87,5.04,k2_zero_shot,0.2333,-0.4932,1,"{""k2_zero_shot"": 0.7265, ""k2_cross_lingual"": 0.2333}",k2_zero_shot,0.2946,-0.5949,1,"{""k2_zero_shot"": 0.8896, ""k2_cross_lingual"": 0.2946}",1,1,"The weather is lovely today with warm sunshine and a gentle breeze, so we decided to walk in the park.",0.0,0.9844
28,k2_zero_shot,2,1028,9.9177,33.2686,43.1863,0028_k2_zero_shot.wav,d91cf709b01a160422840f107421928b48867b11fb6950b6020c4089f627a054,4.16,k2_cross_lingual,0.1761,-0.6139,1,"{""k2_zero_shot"": 0.1761, ""k2_cross_lingual"": 0.79}",k2_cross_lingual,0.3627,-0.4518,1,"{""k2_zero_shot"": 0.3627, ""k2_cross_lingual"": 0.8145}",1,1,Please remember to bring your notebook and a pen to the meeting tomorrow morning.,0.0,0.9369
29,k2_cross_lingual,2,1029,10.4658,34.0288,44.4946,0029_k2_cross_lingual.wav,a7d2be16d118ba104c12f8d5b73000a9a852e81e6bcd7454f00459191f1ee3a0,3.52,k2_cross_lingual,0.8178,0.6963,0,"{""k2_zero_shot"": 0.1215, ""k2_cross_lingual"": 0.8178}",k2_cross_lingual,0.8371,0.5322,0,"{""k2_zero_shot"": 0.3049, ""k2_cross_lingual"": 0.8371}",0,0,Please remember to bring your notebook and a pen to the meeting tomorrow morning.,0.0,0.9462
30,k2_zero_shot,3,1030,14.9319,42.2693,57.2012,0030_k2_zero_shot.wav,9aa49d6e011de59e81a551c51ff180634485e4d3ddf78a8684c9811092d85d74,8.52,k2_zero_shot,0.8046,0.5931,0,"{""k2_zero_shot"": 0.8046, ""k2_cross_lingual"": 0.2115}",k2_zero_shot,0.8973,0.6326,0,"{""k2_zero_shot"": 0.8973, ""k2_cross_lingual"": 0.2647}",0,0,"After the long winter, the farmers were glad to see the first green shoots appear in the fields, and the children ran outside to play until the sun went down behind the hills.",0.0,0.9261
31,k2_cross_lingual,3,1031,16.3715,43.1858,59.5573,0031_k2_cross_lingual.wav,97dec5a70e780df09a5a336a8c52789c41c0c12dd0e64a3397c302f0331c2093,9.28,k2_cross_lingual,0.8537,0.7262,0,"{""k2_zero_shot"": 0.1275, ""k2_cross_lingual"": 0.8537}",k2_cross_lingual,0.7869,0.4355,0,"{""k2_zero_shot"": 0.3514, ""k2_cross_lingual"": 0.7869}",0,0,"After the long winter, the farmers were glad to see the first green shoots appear in the fields, and the children ran outside to play until the sun went down behind the hills.",0.0,1.0594
32,k2_zero_shot,0,1032,9.5193,43.1869,52.7061,0032_k2_zero_shot.wav,1242581f4222ae45eb92a08b0bf3cea8b373bb47771daba15894e89feda104e9,3.4,k2_zero_shot,0.7055,0.499,0,"{""k2_zero_shot"": 0.7055, ""k2_cross_lingual"": 0.2064}",k2_zero_shot,0.9147,0.5588,0,"{""k2_zero_shot"": 0.9147, ""k2_cross_lingual"": 0.3559}",0,0,Thank you so much for the birthday gift you sent me last week!,0.0,0.85
33,k2_cross_lingual,0,1033,9.8601,44.4952,54.3552,0033_k2_cross_lingual.wav,cf5caf42cb198e90277378e2e276c8e3a1fdf191770b6a4c82685c80b4cf7035,3.64,k2_cross_lingual,0.8513,0.7109,0,"{""k2_zero_shot"": 0.1404, ""k2_cross_lingual"": 0.8513}",k2_cross_lingual,0.8914,0.59,0,"{""k2_zero_shot"": 0.3014, ""k2_cross_lingual"": 0.8914}",0,0,Thank you so much for the birthday gift you sent me last week.,0.0,0.9891
34,k2_zero_shot,1,1034,12.1978,45.4213,57.6192,0034_k2_zero_shot.wav,faea60b934078491861ffb7d18265520dd972c55c3c1156acbe45682d77f1055,5.64,k2_zero_shot,0.7509,0.5863,0,"{""k2_zero_shot"": 0.7509, ""k2_cross_lingual"": 0.1646}",k2_zero_shot,0.907,0.6594,0,"{""k2_zero_shot"": 0.907, ""k2_cross_lingual"": 0.2476}",0,0,"The weather is lovely today with warm sunshine and a gentle breeze, so we decided to walk in the park.",0.0,1.0
35,k2_cross_lingual,1,1035,12.1959,45.4226,57.6185,0035_k2_cross_lingual.wav,a4a260c689fe9f005d032bfbec5acfd7b616bca683af8ca65bc9a08e6f2cdead,5.04,k2_cross_lingual,0.8561,0.7357,0,"{""k2_zero_shot"": 0.1204, ""k2_cross_lingual"": 0.8561}",k2_cross_lingual,0.7787,0.4865,0,"{""k2_zero_shot"": 0.2922, ""k2_cross_lingual"": 0.7787}",0,0,"The weather is lovely today with warm sunshine and a gentle breeze, so we decided to walk in the park.",0.0,0.9844
36,k2_zero_shot,2,1036,12.194,45.4237,57.6177,0036_k2_zero_shot.wav,ff4871e9383c139c25e91729b7f8d84511e38740837979e6184683b78e9a0b56,4.44,k2_zero_shot,0.7489,0.5281,0,"{""k2_zero_shot"": 0.7489, ""k2_cross_lingual"": 0.2208}",k2_zero_shot,0.931,0.7109,0,"{""k2_zero_shot"": 0.931, ""k2_cross_lingual"": 0.2201}",0,0,Please remember to bring your notebook and a pen to the meeting tomorrow morning.,0.0,1.0
37,k2_cross_lingual,2,1037,11.0252,46.1745,57.1998,0037_k2_cross_lingual.wav,0b4a5c2660d1dd9922ac5b981c2b46286081e80217ea5b9d48393fe7db2f4a94,4.08,k2_cross_lingual,0.8433,0.7204,0,"{""k2_zero_shot"": 0.1229, ""k2_cross_lingual"": 0.8433}",k2_cross_lingual,0.8035,0.4419,0,"{""k2_zero_shot"": 0.3616, ""k2_cross_lingual"": 0.8035}",0,0,Please remember to bring your notebook and a pen to the meeting tomorrow morning.,0.0,1.0968
38,k2_zero_shot,3,1038,17.3329,52.7069,70.0398,0038_k2_zero_shot.wav,8b2836e256a148462b123851bb9def8bbfba432787de62632d02ccc37f6fb5ea,9.28,k2_zero_shot,0.792,0.5247,0,"{""k2_zero_shot"": 0.792, ""k2_cross_lingual"": 0.2672}",k2_zero_shot,0.9219,0.6742,0,"{""k2_zero_shot"": 0.9219, ""k2_cross_lingual"": 0.2477}",0,0,"After the long winter, the farmers were glad to see the first green shoots appear in the fields, and the children ran outside to play until the sun went down behind the hills.",0.0,1.0087
39,k2_cross_lingual,3,1039,14.853,54.3559,69.209,0039_k2_cross_lingual.wav,75f9f5445dc8c9b4f232e1ea8b45e1b9211e22629395efe1da4d44c012f3ee2a,8.76,k2_cross_lingual,0.9228,0.8115,0,"{""k2_zero_shot"": 0.1113, ""k2_cross_lingual"": 0.9228}",k2_cross_lingual,0.7747,0.4609,0,"{""k2_zero_shot"": 0.3139, ""k2_cross_lingual"": 0.7747}",0,0,"After the long winter, the farmers were glad to see the first green shoots appear in the fields, and the children ran outside to play until the sun went down behind the hills.",0.0,1.0
40,k2_zero_shot,0,1040,9.5588,57.2005,66.7593,0040_k2_zero_shot.wav,4c63be26e74c05501bbe3218811914df14e2b1740cb4fc02171e704d5821a683,4.2,k2_zero_shot,0.7191,0.4596,0,"{""k2_zero_shot"": 0.7191, ""k2_cross_lingual"": 0.2596}",k2_zero_shot,0.8939,0.5769,0,"{""k2_zero_shot"": 0.8939, ""k2_cross_lingual"": 0.317}",0,0,Thank you so much for the birthday gift you sent me last week.,0.0,1.05
41,k2_cross_lingual,0,1041,9.5585,57.2022,66.7607,0041_k2_cross_lingual.wav,405c5357a28fd3d43d51a01851eb5337f849cfccc2478483eaf25c05a6704cc7,3.76,k2_cross_lingual,0.888,0.7631,0,"{""k2_zero_shot"": 0.1249, ""k2_cross_lingual"": 0.888}",k2_cross_lingual,0.8998,0.6265,0,"{""k2_zero_shot"": 0.2733, ""k2_cross_lingual"": 0.8998}",0,0,Thank you so much for the birthday gift you sent me last week.,0.0,1.0217
42,k2_zero_shot,1,1042,12.4151,57.6197,70.0348,0042_k2_zero_shot.wav,2d96202e79dabaa29d2021d09a932e94bd6d277b26b6ad3eaed1ddf440e51d43,5.08,k2_zero_shot,0.7701,0.6113,0,"{""k2_zero_shot"": 0.7701, ""k2_cross_lingual"": 0.1588}",k2_zero_shot,0.9068,0.6783,0,"{""k2_zero_shot"": 0.9068, ""k2_cross_lingual"": 0.2286}",0,0,"The weather is lovely today with warm sunshine and a gentle breeze, so we decided to walk in the park.",0.0,0.9007
43,k2_cross_lingual,1,1043,12.4157,57.6201,70.0357,0043_k2_cross_lingual.wav,1b81a1bd3159e059d27616fe84eb76ff7277c38b350e9dd43092b92b98339789,4.84,k2_cross_lingual,0.8773,0.7527,0,"{""k2_zero_shot"": 0.1246, ""k2_cross_lingual"": 0.8773}",k2_cross_lingual,0.7888,0.4761,0,"{""k2_zero_shot"": 0.3127, ""k2_cross_lingual"": 0.7888}",0,0,"The weather is lovely today with warm sunshine and a gentle breeze, so we decided to walk in the park.",0.0,0.9453
44,k2_zero_shot,2,1044,12.4162,57.6203,70.0365,0044_k2_zero_shot.wav,a5fd20bdf28507dd32c66624e6fd824b869f51b55f589c5e2aede8119a5388ff,4.48,k2_cross_lingual,0.1697,-0.6152,1,"{""k2_zero_shot"": 0.1697, ""k2_cross_lingual"": 0.7849}",k2_cross_lingual,0.3201,-0.4899,1,"{""k2_zero_shot"": 0.3201, ""k2_cross_lingual"": 0.81}",1,1,Please remember to bring your notebook and a pen to the meeting tomorrow morning.,0.0,1.009
45,k2_cross_lingual,2,1045,10.4781,59.5592,70.0373,0045_k2_cross_lingual.wav,5d4cb71e54284342eaa96e555c36f563c6d43d8082e921858cc1f3aefdf8e6de,4.0,k2_cross_lingual,0.8095,0.6934,0,"{""k2_zero_shot"": 0.1162, ""k2_cross_lingual"": 0.8095}",k2_cross_lingual,0.8337,0.4808,0,"{""k2_zero_shot"": 0.3529, ""k2_cross_lingual"": 0.8337}",0,0,Please remember to bring your notebook and a pen to the meeting tomorrow morning.,0.0,1.0753
46,k2_zero_shot,3,1046,14.1307,66.7602,80.8909,0046_k2_zero_shot.wav,e4a996942be9f6291d6e9b0cfb2475845190e64e310c6c9e807b62cadf9d4bce,9.0,k2_zero_shot,0.7634,0.4906,0,"{""k2_zero_shot"": 0.7634, ""k2_cross_lingual"": 0.2729}",k2_zero_shot,0.9076,0.6568,0,"{""k2_zero_shot"": 0.9076, ""k2_cross_lingual"": 0.2509}",0,0,"After the long winter, the farmers were glad to see the first green shoots appear in the fields, and the children ran outside to play until the sun went down behind the hills.",0.0,0.9783
47,k2_cross_lingual,3,1047,16.1711,66.7612,82.9324,0047_k2_cross_lingual.wav,4f9f8199045b30727a5f60cec578b0eb7ced4e9d13498de6e49fb7db1408604a,10.16,k2_cross_lingual,0.8705,0.743,0,"{""k2_zero_shot"": 0.1275, ""k2_cross_lingual"": 0.8705}",k2_cross_lingual,0.76,0.4175,0,"{""k2_zero_shot"": 0.3425, ""k2_cross_lingual"": 0.76}",0,0,"After the long winter, the farmers were glad to see the first green shoots appear in the fields, and the children ran outside to play until the sun went down behind the hills.",0.0,1.1598
48,k2_zero_shot,0,1048,7.6728,69.2102,76.883,0048_k2_zero_shot.wav,9310c8af3fb440be3b3df803169d9b21266e5f8cc99a06e3588b25d42c3fa963,3.8,k2_zero_shot,0.6766,0.4855,0,"{""k2_zero_shot"": 0.6766, ""k2_cross_lingual"": 0.1911}",k2_zero_shot,0.9247,0.5926,0,"{""k2_zero_shot"": 0.9247, ""k2_cross_lingual"": 0.3321}",0,0,Thank you so much for the birthday gift you sent me last week!,0.0,0.95
49,k2_cross_lingual,0,1049,9.5918,70.0379,79.6298,0049_k2_cross_lingual.wav,de7c514e0911a8348af13befe5ff065273be9e5869f97ca4bf6753862bc6ac07,4.16,k2_cross_lingual,0.816,0.6816,0,"{""k2_zero_shot"": 0.1344, ""k2_cross_lingual"": 0.816}",k2_cross_lingual,0.8881,0.5973,0,"{""k2_zero_shot"": 0.2909, ""k2_cross_lingual"": 0.8881}",0,0,Thank you so much for the birthday gift you sent me last week.,0.0,1.1304
50,k2_zero_shot,1,1050,11.2839,70.0383,81.3222,0050_k2_zero_shot.wav,6504f0c7d2a461b2f2acf17c2e2d04f70628b7f3e60e08fa49f20c2cf9fc0800,5.52,k2_zero_shot,0.7572,0.5173,0,"{""k2_zero_shot"": 0.7572, ""k2_cross_lingual"": 0.2399}",k2_zero_shot,0.8683,0.6723,0,"{""k2_zero_shot"": 0.8683, ""k2_cross_lingual"": 0.196}",0,0,"The weather is lovely today with warm sunshine and a gentle breeze, so we decided to walk in the park.",0.0,0.9787
51,k2_cross_lingual,1,1051,11.2822,70.0386,81.3208,0051_k2_cross_lingual.wav,05bf97364e7da86b9cc30396ae44dc9788d6c74531c8085b3805b0c9a441bf9d,4.88,k2_zero_shot,0.2189,-0.5178,1,"{""k2_zero_shot"": 0.7367, ""k2_cross_lingual"": 0.2189}",k2_zero_shot,0.3497,-0.5667,1,"{""k2_zero_shot"": 0.9164, ""k2_cross_lingual"": 0.3497}",1,1,"The weather is lovely today with warm sunshine and a gentle breeze, so we decided to walk in the park.",0.0,0.9531
52,k2_zero_shot,2,1052,9.6054,70.0389,79.6443,0052_k2_zero_shot.wav,c4ecc39297fd7c063b298f6bfd307f7ae5a9fca629eaec1dea7d9b65927f3dd1,3.48,k2_cross_lingual,0.1292,-0.7071,1,"{""k2_zero_shot"": 0.1292, ""k2_cross_lingual"": 0.8363}",k2_cross_lingual,0.3358,-0.5014,1,"{""k2_zero_shot"": 0.3358, ""k2_cross_lingual"": 0.8373}",1,1,Please remember to bring your notebook and a pen to the meeting tomorrow morning.,0.0,0.7838
53,k2_cross_lingual,2,1053,9.604,70.041,79.645,0053_k2_cross_lingual.wav,249dc739db7dff61318d0be9eac71ef7686ba3b9082a1afe914a1fbf0da3eda3,3.76,k2_zero_shot,0.259,-0.3835,1,"{""k2_zero_shot"": 0.6426, ""k2_cross_lingual"": 0.259}",k2_zero_shot,0.2874,-0.6422,1,"{""k2_zero_shot"": 0.9296, ""k2_cross_lingual"": 0.2874}",1,1,Please remember to bring your notebook and a pen to the meeting tomorrow morning.,0.0,1.0108
54,k2_zero_shot,3,1054,14.6034,76.8837,91.4871,0054_k2_zero_shot.wav,e0b96b16cbe13ef50908eb02834ac2fb68f6e4e7d00d49813465974773eb9cca,9.04,k2_zero_shot,0.7642,0.5317,0,"{""k2_zero_shot"": 0.7642, ""k2_cross_lingual"": 0.2325}",k2_zero_shot,0.9014,0.6377,0,"{""k2_zero_shot"": 0.9014, ""k2_cross_lingual"": 0.2637}",0,0,"After the long winter, the farmers were glad to see the first green shoots appear in the fields, and the children ran outside to play until the sun went down behind the hills.",0.0,0.9826
55,k2_cross_lingual,3,1055,13.7904,79.6305,93.4209,0055_k2_cross_lingual.wav,4cfcb48adce868b4e39d9688366cfa6ac6ccf5b1c1d5392b9fd018f0971c2d6d,8.64,k2_cross_lingual,0.894,0.7786,0,"{""k2_zero_shot"": 0.1154, ""k2_cross_lingual"": 0.894}",k2_cross_lingual,0.7767,0.4511,0,"{""k2_zero_shot"": 0.3256, ""k2_cross_lingual"": 0.7767}",0,0,"After the long winter, the farmers were glad to see the first green shoots appear in the fields, and the children ran outside to play until the sun went down behind the hills.",0.0,0.9863
56,k2_zero_shot,0,1056,9.3759,79.6455,89.0214,0056_k2_zero_shot.wav,190cf22bc00055f2b24a1698ad44fe8f8f2da6dcda38af8e40085fb35b94b749,3.84,k2_cross_lingual,0.1668,-0.6425,1,"{""k2_zero_shot"": 0.1668, ""k2_cross_lingual"": 0.8093}",k2_cross_lingual,0.3384,-0.5756,1,"{""k2_zero_shot"": 0.3384, ""k2_cross_lingual"": 0.914}",1,1,Thank you so much for the birthday gift you sent me last week.,0.0,0.96
57,k2_cross_lingual,0,1057,9.3772,79.6458,89.023,0057_k2_cross_lingual.wav,7a7dab65816571e7efe8cb97e4487e6e0af6896d79e6ae8665a4029d2639ee90,3.68,k2_zero_shot,0.246,-0.4326,1,"{""k2_zero_shot"": 0.6785, ""k2_cross_lingual"": 0.246}",k2_zero_shot,0.3393,-0.5907,1,"{""k2_zero_shot"": 0.93, ""k2_cross_lingual"": 0.3393}",1,1,Thank you so much for the birthday gift you sent me last week.,0.0,1.0
58,k2_zero_shot,1,1058,12.5022,80.8921,93.3943,0058_k2_zero_shot.wav,ac5e829e173e5ea69c17d26c693136a27be232dc93b42e23f8a2d905a606da79,5.56,k2_zero_shot,0.7715,0.6007,0,"{""k2_zero_shot"": 0.7715, ""k2_cross_lingual"": 0.1708}",k2_zero_shot,0.8959,0.6116,0,"{""k2_zero_shot"": 0.8959, ""k2_cross_lingual"": 0.2843}",0,0,"The weather is lovely today with warm sunshine and a gentle breeze, so we decided to walk in the park.",0.0,0.9858
59,k2_cross_lingual,1,1059,12.098,81.3217,93.4197,0059_k2_cross_lingual.wav,92340f4445dc98ab96eae3b8da82028d7f27898972364fd5ec8598231fe6fc2e,5.44,k2_cross_lingual,0.8339,0.7077,0,"{""k2_zero_shot"": 0.1262, ""k2_cross_lingual"": 0.8339}",k2_cross_lingual,0.7364,0.4091,0,"{""k2_zero_shot"": 0.3273, ""k2_cross_lingual"": 0.7364}",0,0,The weather is lovely today with warm sunshine and a gentle breeze so we decided to walk in the park.,0.0,1.0625
60,k2_zero_shot,2,1060,12.1,81.3229,93.4229,0060_k2_zero_shot.wav,96b4a351d4ca461eeb93f1af7023b846c8ad976a3e15119691f821e97525b0df,4.8,k2_zero_shot,0.6798,0.448,0,"{""k2_zero_shot"": 0.6798, ""k2_cross_lingual"": 0.2318}",k2_zero_shot,0.9394,0.5692,0,"{""k2_zero_shot"": 0.9394, ""k2_cross_lingual"": 0.3702}",0,0,Please remember to bring your notebook and a pen to the meeting tomorrow morning!,0.0,1.0811
61,k2_cross_lingual,2,1061,10.4594,82.9336,93.393,0061_k2_cross_lingual.wav,d3be92ebfaf3d68e12c1f9950c40c6a619d1557ee4ab996fb1c73d336b7a5039,3.4,k2_cross_lingual,0.8577,0.7448,0,"{""k2_zero_shot"": 0.1129, ""k2_cross_lingual"": 0.8577}",k2_cross_lingual,0.8104,0.5295,0,"{""k2_zero_shot"": 0.2809, ""k2_cross_lingual"": 0.8104}",0,0,Please remember to bring your notebook and a pen to the meeting tomorrow morning.,0.0,0.914
62,k2_zero_shot,3,1062,16.4107,89.0222,105.4329,0062_k2_zero_shot.wav,7ace5f4a79dc31b5269bbc5872050c8353e12039224dddc1162bf4d307cb055b,9.88,k2_zero_shot,0.7984,0.5722,0,"{""k2_zero_shot"": 0.7984, ""k2_cross_lingual"": 0.2262}",k2_zero_shot,0.9046,0.6428,0,"{""k2_zero_shot"": 0.9046, ""k2_cross_lingual"": 0.2617}",0,0,"After the long winter, the farmers were glad to see the first green shoots appear in the fields, and the children ran outside to play until the sun went down behind the hills.",0.0,1.0739
63,k2_cross_lingual,3,1063,16.2585,89.0236,105.2821,0063_k2_cross_lingual.wav,8bd570796ed3eeb6589b08283e05a93d5a97e7193eab329076baf46ef1f16950,8.52,k2_cross_lingual,0.8881,0.7651,0,"{""k2_zero_shot"": 0.123, ""k2_cross_lingual"": 0.8881}",k2_cross_lingual,0.7766,0.4228,0,"{""k2_zero_shot"": 0.3537, ""k2_cross_lingual"": 0.7766}",0,0,"After the long winter, the farmers were glad to see the first green shoots appear in the fields, and the children ran outside to play until the sun went down behind the hills.",0.0,0.9726
64,k2_zero_shot,0,1064,12.0291,91.4882,103.5173,0064_k2_zero_shot.wav,8333ee169ccb25ebe8df93cbfa1d6c26ade8192c84b4b4a1b2e26b221e66d060,4.76,k2_zero_shot,0.7454,0.5398,0,"{""k2_zero_shot"": 0.7454, ""k2_cross_lingual"": 0.2056}",k2_zero_shot,0.9433,0.5854,0,"{""k2_zero_shot"": 0.9433, ""k2_cross_lingual"": 0.3579}",0,0,Thank you so much for the birthday gift you sent me last week!,0.0,1.19
65,k2_cross_lingual,0,1065,10.1252,93.3936,103.5188,0065_k2_cross_lingual.wav,6e62da71394129c742079874c305186ccff6c8aa049d57797b8eb1e1a95e06d0,3.2,k2_cross_lingual,0.7661,0.643,0,"{""k2_zero_shot"": 0.1231, ""k2_cross_lingual"": 0.7661}",k2_cross_lingual,0.8825,0.6318,0,"{""k2_zero_shot"": 0.2507, ""k2_cross_lingual"": 0.8825}",0,0,Thank you so much for the birthday gift you sent me last week.,0.0,0.8696
66,k2_zero_shot,1,1066,12.0256,93.3991,105.4247,0066_k2_zero_shot.wav,5ad5c768b7bbf5034ec9ad42b5672a1b2864e49ac82c63f88f493b12538b06f2,5.76,k2_zero_shot,0.7881,0.5688,0,"{""k2_zero_shot"": 0.7881, ""k2_cross_lingual"": 0.2193}",k2_zero_shot,0.9061,0.6562,0,"{""k2_zero_shot"": 0.9061, ""k2_cross_lingual"": 0.2499}",0,0,"The weather is lovely today with warm sunshine and a gentle breeze, so we decided to walk in the park.",0.0,1.0213
67,k2_cross_lingual,1,1067,12.0014,93.4205,105.4219,0067_k2_cross_lingual.wav,51e1daf2d78bd97ea563a843a6a5cdd5df54e23b446d88195e19044e1184b9c3,5.08,k2_cross_lingual,0.8723,0.78,0,"{""k2_zero_shot"": 0.0923, ""k2_cross_lingual"": 0.8723}",k2_cross_lingual,0.7887,0.4741,0,"{""k2_zero_shot"": 0.3147, ""k2_cross_lingual"": 0.7887}",0,0,"The weather is lovely today with warm sunshine and a gentle breeze, so we decided to walk in the park.",0.0,0.9922
68,k2_zero_shot,2,1068,11.9867,93.4221,105.4087,0068_k2_zero_shot.wav,03ce394b52505fcb1977c09210506aef19c01c36988b905c97e3c31bd47bf8c7,4.8,k2_zero_shot,0.7521,0.6063,0,"{""k2_zero_shot"": 0.7521, ""k2_cross_lingual"": 0.1458}",k2_zero_shot,0.9372,0.6521,0,"{""k2_zero_shot"": 0.9372, ""k2_cross_lingual"": 0.2851}",0,0,Please remember to bring your notebook and a pen to the meeting tomorrow morning.,0.0,1.0811
69,k2_cross_lingual,2,1069,10.0969,93.4236,103.5205,0069_k2_cross_lingual.wav,aa2b45c5ea0a31ed6c85d2fe8ba908f4493d2d4977705b14d74a394290660522,3.92,k2_cross_lingual,0.8672,0.7499,0,"{""k2_zero_shot"": 0.1173, ""k2_cross_lingual"": 0.8672}",k2_cross_lingual,0.7824,0.467,0,"{""k2_zero_shot"": 0.3154, ""k2_cross_lingual"": 0.7824}",0,0,Please remember to bring your notebook and a pen to the meeting tomorrow morning.,0.0,1.0538
70,k2_zero_shot,3,1070,15.4352,103.5195,118.9547,0070_k2_zero_shot.wav,ecda17bb486d160c19af8702294ef92daeb2ce1f292a621cbea55e5f25fdde77,9.48,k2_zero_shot,0.8042,0.5793,0,"{""k2_zero_shot"": 0.8042, ""k2_cross_lingual"": 0.2249}",k2_zero_shot,0.8996,0.6609,0,"{""k2_zero_shot"": 0.8996, ""k2_cross_lingual"": 0.2387}",0,0,"After the long winter, the farmers were glad to see the first green shoots appear in the fields, and the children ran outside to play until the sun went down behind the hills.",0.0,1.0304
71,k2_cross_lingual,3,1071,15.0192,103.5202,118.5394,0071_k2_cross_lingual.wav,79a3bce128421ea22214fdebf35f3d4e638c28c3f4f1924b5661af68f8c2b28a,8.96,k2_zero_shot,0.2707,-0.4402,1,"{""k2_zero_shot"": 0.7109, ""k2_cross_lingual"": 0.2707}",k2_zero_shot,0.369,-0.5298,1,"{""k2_zero_shot"": 0.8988, ""k2_cross_lingual"": 0.369}",1,1,"After the long winter, the farmers were glad to see the first green shoots appear in the fields, and the children ran outside to play until the sun went down behind the hills.",0.0,1.0228
72,k2_zero_shot,0,1072,10.9376,103.5213,114.4588,0072_k2_zero_shot.wav,bfe72e09a62c0bf2e95a27b65e8cffb8d955b6f4ec303c4257c969d98f2cf003,3.96,k2_cross_lingual,0.1854,-0.6029,1,"{""k2_zero_shot"": 0.1854, ""k2_cross_lingual"": 0.7883}",k2_cross_lingual,0.4087,-0.4698,1,"{""k2_zero_shot"": 0.4087, ""k2_cross_lingual"": 0.8785}",1,1,Thank you so much for the birthday gift you sent me last week!,0.0,0.99
73,k2_cross_lingual,0,1073,9.598,105.2879,114.8859,0073_k2_cross_lingual.wav,09e019e283da4dfcb0af4d8d492acaaf66c61866915acc9c3fe1d813b0a4f532,3.48,k2_cross_lingual,0.8973,0.8052,0,"{""k2_zero_shot"": 0.092, ""k2_cross_lingual"": 0.8973}",k2_cross_lingual,0.9206,0.5367,0,"{""k2_zero_shot"": 0.3839, ""k2_cross_lingual"": 0.9206}",0,0,Thank you so much for the birthday gift you sent me last week.,0.0,0.9457
74,k2_zero_shot,1,1074,11.5362,105.4191,116.9552,0074_k2_zero_shot.wav,efbe4c58a845a339b985ef04465c13b1ed564309e49b3e3cae0bbbece40c7505,5.48,k2_zero_shot,0.7683,0.5664,0,"{""k2_zero_shot"": 0.7683, ""k2_cross_lingual"": 0.2019}",k2_zero_shot,0.9151,0.6517,0,"{""k2_zero_shot"": 0.9151, ""k2_cross_lingual"": 0.2634}",0,0,"The weather is lovely today with warm sunshine and a gentle breeze, so we decided to walk in the park.",0.0,0.9716
75,k2_cross_lingual,1,1075,11.5239,105.4294,116.9533,0075_k2_cross_lingual.wav,3a0839db921620e34a2a0e0f2f8df8c0afaa2403d9e79791eb39ebf27e00c32b,5.08,k2_zero_shot,0.2039,-0.4932,1,"{""k2_zero_shot"": 0.6971, ""k2_cross_lingual"": 0.2039}",k2_zero_shot,0.3804,-0.5069,1,"{""k2_zero_shot"": 0.8873, ""k2_cross_lingual"": 0.3804}",1,1,"The weather is lovely today with warm sunshine and a gentle breeze, so we decided to walk in the park.",0.0,0.9922
76,k2_zero_shot,2,1076,9.4691,105.4297,114.8988,0076_k2_zero_shot.wav,6c47fe0c64924b9da2b31c50358bab7db596c8d72fa579c2396389c0be07ab72,3.96,k2_zero_shot,0.6984,0.4257,0,"{""k2_zero_shot"": 0.6984, ""k2_cross_lingual"": 0.2726}",k2_zero_shot,0.9161,0.6338,0,"{""k2_zero_shot"": 0.9161, ""k2_cross_lingual"": 0.2823}",0,0,Please remember to bring your notebook and a pen to the meeting tomorrow morning.,0.0,0.8919
77,k2_cross_lingual,2,1077,9.4618,105.4347,114.8965,0077_k2_cross_lingual.wav,7e9333e42f0a16262dcb5367d4e2c595a9e9aebc9aad771b9a3ed14a1bf6436c,3.72,k2_cross_lingual,0.8603,0.7574,0,"{""k2_zero_shot"": 0.1029, ""k2_cross_lingual"": 0.8603}",k2_cross_lingual,0.8085,0.4984,0,"{""k2_zero_shot"": 0.3101, ""k2_cross_lingual"": 0.8085}",0,0,Please remember to bring your notebook and a pen to the meeting tomorrow morning.,0.0,1.0
78,k2_zero_shot,3,1078,16.181,114.4604,130.6414,0078_k2_zero_shot.wav,91db342149bfec21c8d373f9c724122194c17c2edcad96e2f2d0bd9c5a44dee3,9.48,k2_zero_shot,0.746,0.4932,0,"{""k2_zero_shot"": 0.746, ""k2_cross_lingual"": 0.2528}",k2_zero_shot,0.8988,0.6609,0,"{""k2_zero_shot"": 0.8988, ""k2_cross_lingual"": 0.2379}",0,0,"After the long winter, the farmers were glad to see the first green shoots appear in the fields, and the children ran outside to play until the sun went down behind the hills.",0.0,1.0304
79,k2_cross_lingual,3,1079,14.9676,114.8872,129.8547,0079_k2_cross_lingual.wav,d19267c44629defe89b03ff9b436cb3e0d84d603b60c7aa183a5bac1e12190bb,8.76,k2_cross_lingual,0.8672,0.7379,0,"{""k2_zero_shot"": 0.1293, ""k2_cross_lingual"": 0.8672}",k2_cross_lingual,0.7808,0.4608,0,"{""k2_zero_shot"": 0.32, ""k2_cross_lingual"": 0.7808}",0,0,"After the long winter, the farmers were glad to see the first green shoots appear in the fields, and the children ran outside to play until the sun went down behind the hills.",0.0,1.0
80,k2_zero_shot,0,1080,9.4326,114.8977,124.3303,0080_k2_zero_shot.wav,723b2b94975ebc4ea6155985e3b5512ce39ca77d6771ed7d0e3c0ad482d49d04,4.24,k2_zero_shot,0.6744,0.4319,0,"{""k2_zero_shot"": 0.6744, ""k2_cross_lingual"": 0.2425}",k2_zero_shot,0.922,0.5502,0,"{""k2_zero_shot"": 0.922, ""k2_cross_lingual"": 0.3717}",0,0,Thank you so much for the birthday gift you sent me last week!,0.0,1.06
81,k2_cross_lingual,0,1081,12.1809,114.9001,127.081,0081_k2_cross_lingual.wav,c7b500ef3b594bf3063bfc4e99121d418a7f50522ed670bb8fffecd4f4ee5679,5.2,k2_zero_shot,0.2459,-0.3689,1,"{""k2_zero_shot"": 0.6148, ""k2_cross_lingual"": 0.2459}",k2_zero_shot,0.4196,-0.4969,1,"{""k2_zero_shot"": 0.9165, ""k2_cross_lingual"": 0.4196}",1,1,Thank you so much for the birthday gift you sent me last week.,0.0,1.413
82,k2_zero_shot,1,1082,12.9169,116.9547,129.8716,0082_k2_zero_shot.wav,a74c4104fc60c1599dddf49159e3ec878271f509ee82fa8baecabe70dc9f9d11,6.28,k2_zero_shot,0.7576,0.5573,0,"{""k2_zero_shot"": 0.7576, ""k2_cross_lingual"": 0.2003}",k2_zero_shot,0.9079,0.6568,0,"{""k2_zero_shot"": 0.9079, ""k2_cross_lingual"": 0.251}",0,0,"The weather is lovely today with warm sunshine and a gentle breeze, so we decided to walk in the park.",0.0,1.1135
83,k2_cross_lingual,1,1083,12.9139,116.9562,129.8701,0083_k2_cross_lingual.wav,c610177070e803e9c0ebf7f218c143c7ff55bf7432c07b078114ea7939922520,5.16,k2_cross_lingual,0.8645,0.7687,0,"{""k2_zero_shot"": 0.0958, ""k2_cross_lingual"": 0.8645}",k2_cross_lingual,0.7733,0.4927,0,"{""k2_zero_shot"": 0.2806, ""k2_cross_lingual"": 0.7733}",0,0,"The weather is lovely today with warm sunshine and a gentle breeze, so we decided to walk in the park.",0.0,1.0078
84,k2_zero_shot,2,1084,12.0983,118.541,130.6393,0084_k2_zero_shot.wav,9a3f7acd70f399986b465c3935995b0bf3c1ad0c98ffcac84ffc5c80221e8708,4.56,k2_zero_shot,0.6717,0.4489,0,"{""k2_zero_shot"": 0.6717, ""k2_cross_lingual"": 0.2228}",k2_zero_shot,0.9411,0.6183,0,"{""k2_zero_shot"": 0.9411, ""k2_cross_lingual"": 0.3228}",0,0,Please remember to bring your notebook and a pen to the meeting tomorrow morning.,0.0,1.027
85,k2_cross_lingual,2,1085,10.9128,118.9562,129.869,0085_k2_cross_lingual.wav,d30f386c681b95cd55f8681af9eae7679679623ba1e17c7ed3c9b82c82a68148,3.36,k2_cross_lingual,0.8032,0.6859,0,"{""k2_zero_shot"": 0.1173, ""k2_cross_lingual"": 0.8032}",k2_cross_lingual,0.8586,0.5549,0,"{""k2_zero_shot"": 0.3037, ""k2_cross_lingual"": 0.8586}",0,0,Please remember to bring your notebook and a pen to the meeting tomorrow morning.,0.0,0.9032
86,k2_zero_shot,3,1086,15.2459,124.3313,139.5771,0086_k2_zero_shot.wav,d43bec365a6a22fd9af70841455d7aa1f5a3d1a1b5d20362d6949073ab889b62,9.2,k2_zero_shot,0.7902,0.5446,0,"{""k2_zero_shot"": 0.7902, ""k2_cross_lingual"": 0.2456}",k2_zero_shot,0.9276,0.6362,0,"{""k2_zero_shot"": 0.9276, ""k2_cross_lingual"": 0.2915}",0,0,"After the long winter, the farmers were glad to see the first green shoots appear in the fields, and the children ran outside to play until the sun went down behind the hills.",0.0,1.0
87,k2_cross_lingual,3,1087,16.806,127.0819,143.8879,0087_k2_cross_lingual.wav,edf26f038f23bab177851626695a2b7917a8d3e32591b1bae802a1757b785d62,9.28,k2_cross_lingual,0.8963,0.7824,0,"{""k2_zero_shot"": 0.1139, ""k2_cross_lingual"": 0.8963}",k2_cross_lingual,0.7994,0.4767,0,"{""k2_zero_shot"": 0.3228, ""k2_cross_lingual"": 0.7994}",0,0,"After the long winter, the farmers were glad to see the first green shoots appear in the fields, and the children ran outside to play until the sun went down behind the hills.",0.0,1.0594
88,k2_zero_shot,0,1088,8.8201,129.8564,138.6765,0088_k2_zero_shot.wav,88933e2c08865f9a76390d1e583d75917ae88bc09615bf266a4f3a0be88097f3,4.28,k2_zero_shot,0.6578,0.4316,0,"{""k2_zero_shot"": 0.6578, ""k2_cross_lingual"": 0.2262}",k2_zero_shot,0.8867,0.6834,0,"{""k2_zero_shot"": 0.8867, ""k2_cross_lingual"": 0.2033}",0,0,Thank you so much for the birthday gift you sent me last week!,0.0,1.07
89,k2_cross_lingual,0,1089,9.7145,129.8709,139.5853,0089_k2_cross_lingual.wav,2784b483040a7df5703b5da8ff4f8e2ca0e8ed3b98ad03a5e502cea5dcb8cc36,3.08,k2_cross_lingual,0.8473,0.7573,0,"{""k2_zero_shot"": 0.09, ""k2_cross_lingual"": 0.8473}",k2_cross_lingual,0.9085,0.5758,0,"{""k2_zero_shot"": 0.3327, ""k2_cross_lingual"": 0.9085}",0,0,Thank you so much for the birthday gift you sent me last week.,0.0,0.837
90,k2_zero_shot,1,1090,11.5353,129.8712,141.4065,0090_k2_zero_shot.wav,2549772116e994710dd7c3ae012fa56ae78ed7c170d1ab17ef76b1bc1b5ce496,6.08,k2_cross_lingual,0.0837,-0.8147,1,"{""k2_zero_shot"": 0.0837, ""k2_cross_lingual"": 0.8984}",k2_cross_lingual,0.3676,-0.3942,1,"{""k2_zero_shot"": 0.3676, ""k2_cross_lingual"": 0.7618}",1,1,"The weather is lovely today with warm sunshine and a gentle breeze, so we decided to walk in the park.",0.0,1.078
91,k2_cross_lingual,1,1091,11.5319,129.8727,141.4046,0091_k2_cross_lingual.wav,6517e537c769cf49e76b7cd1f11c5318422b9abc816b8bd99f5fd1a0636a4f59,5.76,k2_cross_lingual,0.8502,0.7452,0,"{""k2_zero_shot"": 0.105, ""k2_cross_lingual"": 0.8502}",k2_cross_lingual,0.7801,0.4921,0,"{""k2_zero_shot"": 0.2879, ""k2_cross_lingual"": 0.7801}",0,0,The weather is lovely today with warm sunshine and a gentle breeze. So we decided to walk in the park.,0.0,1.125
92,k2_zero_shot,2,1092,10.2337,130.6399,140.8736,0092_k2_zero_shot.wav,5636ecb0d543c489df22d7e96195104f340740f5198377f5cd24a02a7fd668e4,4.0,k2_zero_shot,0.7014,0.4535,0,"{""k2_zero_shot"": 0.7014, ""k2_cross_lingual"": 0.2479}",k2_zero_shot,0.9315,0.604,0,"{""k2_zero_shot"": 0.9315, ""k2_cross_lingual"": 0.3275}",0,0,Please remember to bring your notebook and a pen to the meeting tomorrow morning.,0.0,0.9009
93,k2_cross_lingual,2,1093,10.2331,130.6427,140.8758,0093_k2_cross_lingual.wav,9e1e011fe222c5b27cc96c4954766258a5d3f4094fc54d58bd41f3f8966da4b3,3.56,k2_cross_lingual,0.8299,0.7091,0,"{""k2_zero_shot"": 0.1208, ""k2_cross_lingual"": 0.8299}",k2_cross_lingual,0.8141,0.4979,0,"{""k2_zero_shot"": 0.3161, ""k2_cross_lingual"": 0.8141}",0,0,Please remember to bring your notebook and a pen to the meeting tomorrow morning.,0.0,0.957
94,k2_zero_shot,3,1094,15.41,138.6779,154.0879,0094_k2_zero_shot.wav,28225f7438f630499fe537a5a148414cb779579ae1168876c9f875dde0ccc551,8.44,k2_zero_shot,0.7935,0.5976,0,"{""k2_zero_shot"": 0.7935, ""k2_cross_lingual"": 0.1959}",k2_zero_shot,0.9255,0.6165,0,"{""k2_zero_shot"": 0.9255, ""k2_cross_lingual"": 0.309}",0,0,"After the long winter, the farmers were glad to see the first green shoots appear in the fields, and the children ran outside to play until the sun went down behind the hills.",0.0,0.9174
95,k2_cross_lingual,3,1095,15.2635,139.5782,154.8417,0095_k2_cross_lingual.wav,48cda0bc2203aeebce07cfafb415024381a95bc0ee7836b134296b981e87d70f,9.32,k2_cross_lingual,0.8952,0.7713,0,"{""k2_zero_shot"": 0.1239, ""k2_cross_lingual"": 0.8952}",k2_cross_lingual,0.7637,0.4264,0,"{""k2_zero_shot"": 0.3373, ""k2_cross_lingual"": 0.7637}",0,0,"After the long winter, the farmers were glad to see the first green shoots appear in the fields, and the children ran outside to play until the sun went down behind the hills.",0.0,1.0639
96,k2_zero_shot,0,1096,9.9318,139.5888,149.5206,0096_k2_zero_shot.wav,c5801980a258eba47ef9c5eb36ac63895d4aa60cf24b645e777d449c41a3a07d,3.72,k2_zero_shot,0.6998,0.4811,0,"{""k2_zero_shot"": 0.6998, ""k2_cross_lingual"": 0.2186}",k2_zero_shot,0.9008,0.6004,0,"{""k2_zero_shot"": 0.9008, ""k2_cross_lingual"": 0.3004}",0,0,Thank you so much for the birthday gift you sent me last week!,0.0,0.93
97,k2_cross_lingual,0,1097,13.2178,140.875,154.0928,0097_k2_cross_lingual.wav,093e1dcd41efe3687d756be345a13721d9b5989717cead7e02757502aa7894a2,4.72,k2_cross_lingual,0.8173,0.7007,0,"{""k2_zero_shot"": 0.1166, ""k2_cross_lingual"": 0.8173}",k2_cross_lingual,0.8767,0.5637,0,"{""k2_zero_shot"": 0.313, ""k2_cross_lingual"": 0.8767}",0,0,Thank you so much for the birthday gift you sent me last week.,0.0,1.2826
98,k2_zero_shot,1,1098,13.2084,140.8769,154.0853,0098_k2_zero_shot.wav,066fec818dd42b6612748907c07b904ab790f017a215eb3441205239da971d58,6.24,k2_zero_shot,0.7619,0.5245,0,"{""k2_zero_shot"": 0.7619, ""k2_cross_lingual"": 0.2374}",k2_zero_shot,0.9097,0.6849,0,"{""k2_zero_shot"": 0.9097, ""k2_cross_lingual"": 0.2248}",0,0,"The weather is lovely today with warm sunshine and a gentle breeze, so we decided to walk in the park.",0.0,1.1064
99,k2_cross_lingual,1,1099,12.7094,141.4056,154.115,0099_k2_cross_lingual.wav,1b80154461a44a27be64b8daad814804bd17966df8e0806b8cf32fd597281b0f,5.64,k2_zero_shot,0.2483,-0.4362,1,"{""k2_zero_shot"": 0.6845, ""k2_cross_lingual"": 0.2483}",k2_zero_shot,0.3736,-0.5257,1,"{""k2_zero_shot"": 0.8992, ""k2_cross_lingual"": 0.3736}",1,1,"The weather is lovely today with warm sunshine and a gentle breeze, so we decided to walk in the park.",0.0,1.1016
100,k2_zero_shot,2,1100,12.7053,141.4075,154.1128,0100_k2_zero_shot.wav,352a35a74f465f3792ebe85039c1ccf53fe810f17bb1dff6658c68e4964d53a0,4.6,k2_zero_shot,0.7435,0.532,0,"{""k2_zero_shot"": 0.7435, ""k2_cross_lingual"": 0.2115}",k2_zero_shot,0.9319,0.6525,0,"{""k2_zero_shot"": 0.9319, ""k2_cross_lingual"": 0.2794}",0,0,Please remember to bring your notebook and a pen to the meeting tomorrow morning.,0.0,1.036
101,k2_cross_lingual,2,1101,10.2242,143.8895,154.1137,0101_k2_cross_lingual.wav,86071d1e5a193db84d9b69d72d3e6da67a1c00bf4755c501af7044a0e1fecdc0,3.24,k2_cross_lingual,0.8303,0.7009,0,"{""k2_zero_shot"": 0.1293, ""k2_cross_lingual"": 0.8303}",k2_cross_lingual,0.8127,0.495,0,"{""k2_zero_shot"": 0.3178, ""k2_cross_lingual"": 0.8127}",0,0,Please remember to bring your notebook and a pen to the meeting tomorrow morning.,0.0,0.871
102,k2_zero_shot,3,1102,15.2528,149.5218,164.7746,0102_k2_zero_shot.wav,a4a59722c2da41312a02aeb4a2bbb0d4a1e65738c34e8bcd0d674214817fb8f5,9.04,k2_zero_shot,0.8005,0.5852,0,"{""k2_zero_shot"": 0.8005, ""k2_cross_lingual"": 0.2153}",k2_zero_shot,0.9146,0.6583,0,"{""k2_zero_shot"": 0.9146, ""k2_cross_lingual"": 0.2564}",0,0,"After the long winter, the farmers were glad to see the first green shoots appear in the fields, and the children ran outside to play until the sun went down behind the hills.",0.0,0.9826
103,k2_cross_lingual,3,1103,17.2415,154.0866,171.3281,0103_k2_cross_lingual.wav,2c6a639f9c00997d319a9244b56018c2bfd7d488a03c17d0611310b802fe38b8,9.56,k2_cross_lingual,0.8869,0.749,0,"{""k2_zero_shot"": 0.1379, ""k2_cross_lingual"": 0.8869}",k2_cross_lingual,0.7236,0.3688,0,"{""k2_zero_shot"": 0.3548, ""k2_cross_lingual"": 0.7236}",0,0,"After the long winter, the farmers were glad to see the first green shoots appear in the fields, and the children ran outside to play until the sun went down behind the hills.",0.0,1.0913
104,k2_zero_shot,0,1104,9.0321,154.0918,163.1239,0104_k2_zero_shot.wav,ffe66cc18ae8ea89692b1e113ed2e0348434802f7bf6674135b7d636bfa1e7f0,3.84,k2_zero_shot,0.7007,0.5199,0,"{""k2_zero_shot"": 0.7007, ""k2_cross_lingual"": 0.1808}",k2_zero_shot,0.8873,0.5329,0,"{""k2_zero_shot"": 0.8873, ""k2_cross_lingual"": 0.3544}",0,0,Thank you so much for the birthday gift you sent me last week!,0.0,0.96
105,k2_cross_lingual,0,1105,9.0288,154.0936,163.1224,0105_k2_cross_lingual.wav,881a0be14b814562300e6139d56c5c4931916f890644e5822a114cded10bd5b4,3.0,k2_cross_lingual,0.7921,0.6621,0,"{""k2_zero_shot"": 0.1299, ""k2_cross_lingual"": 0.7921}",k2_cross_lingual,0.8063,0.5374,0,"{""k2_zero_shot"": 0.2689, ""k2_cross_lingual"": 0.8063}",0,0,Thank you so much for the birthday gift you sent me last week.,0.0,0.8152
106,k2_zero_shot,1,1106,10.7323,154.1142,164.8465,0106_k2_zero_shot.wav,6c7b712dbead761b67e1a36cf4e84c9c64750d0e22b92aff50eeeabe477df1cf,6.2,k2_zero_shot,0.8045,0.6182,0,"{""k2_zero_shot"": 0.8045, ""k2_cross_lingual"": 0.1863}",k2_zero_shot,0.9139,0.6439,0,"{""k2_zero_shot"": 0.9139, ""k2_cross_lingual"": 0.2701}",0,0,"The weather is lovely today with warm sunshine and a gentle breeze, so we decided to walk in the park.",0.0,1.0993
107,k2_cross_lingual,1,1107,10.7298,154.1145,164.8443,0107_k2_cross_lingual.wav,f924ca6aa75e9cf6a28a02b0a9dc52497f1ed7acee00fc60eb9cedea0bac3841,4.96,k2_cross_lingual,0.8787,0.776,0,"{""k2_zero_shot"": 0.1027, ""k2_cross_lingual"": 0.8787}",k2_cross_lingual,0.7831,0.4658,0,"{""k2_zero_shot"": 0.3174, ""k2_cross_lingual"": 0.7831}",0,0,"The weather is lovely today with warm sunshine and a gentle breeze, so we decided to walk in the park.",0.0,0.9688
108,k2_zero_shot,2,1108,9.0093,154.116,163.1253,0108_k2_zero_shot.wav,074fca36d0e461bb7729138c8aacc898e4f3b9be7f5efd28702fec102029d12a,3.84,k2_cross_lingual,0.1432,-0.6285,1,"{""k2_zero_shot"": 0.1432, ""k2_cross_lingual"": 0.7717}",k2_cross_lingual,0.3562,-0.4469,1,"{""k2_zero_shot"": 0.3562, ""k2_cross_lingual"": 0.8031}",1,1,Please remember to bring your notebook and append to the meeting tomorrow morning.,0.1429,0.8649
109,k2_cross_lingual,2,1109,10.0018,154.8432,164.8451,0109_k2_cross_lingual.wav,03d17170357d69e358db7b4db5f35d6699b33b28576e5b2cdd11994a5c5e9633,3.76,k2_cross_lingual,0.8251,0.7184,0,"{""k2_zero_shot"": 0.1067, ""k2_cross_lingual"": 0.8251}",k2_cross_lingual,0.81,0.5198,0,"{""k2_zero_shot"": 0.2901, ""k2_cross_lingual"": 0.81}",0,0,Please remember to bring your notebook and a pen to the meeting tomorrow morning.,0.0,1.0108
110,k2_zero_shot,3,1110,13.9413,163.1234,177.0647,0110_k2_zero_shot.wav,d2b7f5798be2908d55dc08685dccbc055800595f83334d3dc90efe323ee4c5af,9.2,k2_zero_shot,0.7766,0.5203,0,"{""k2_zero_shot"": 0.7766, ""k2_cross_lingual"": 0.2564}",k2_zero_shot,0.9219,0.6161,0,"{""k2_zero_shot"": 0.9219, ""k2_cross_lingual"": 0.3058}",0,0,"After the long winter, the farmers were glad to see the first green shoots appear in the fields, and the children ran outside to play until the sun went down behind the hills.",0.0,1.0
111,k2_cross_lingual,3,1111,13.9184,163.1247,177.0431,0111_k2_cross_lingual.wav,439beac96013602561e5e1dd5cf4c1ecf17997bee0b7547b38b5c114bb8d4ba4,8.36,k2_cross_lingual,0.8854,0.7564,0,"{""k2_zero_shot"": 0.129, ""k2_cross_lingual"": 0.8854}",k2_cross_lingual,0.7431,0.411,0,"{""k2_zero_shot"": 0.3321, ""k2_cross_lingual"": 0.7431}",0,0,"After the long winter, the farmers were glad to see the first green shoots appear in the fields, and the children ran outside to play until the sun went down behind the hills.",0.0,0.9543
112,k2_zero_shot,0,1112,10.7262,163.1261,173.8523,0112_k2_zero_shot.wav,e11b64326452d230d94a4321fd419a92f0c1c3553b3f60df5065c1451ad73166,4.0,k2_zero_shot,0.6952,0.4689,0,"{""k2_zero_shot"": 0.6952, ""k2_cross_lingual"": 0.2263}",k2_zero_shot,0.923,0.6506,0,"{""k2_zero_shot"": 0.923, ""k2_cross_lingual"": 0.2725}",0,0,Thank you so much for the birthday gift you sent me last week.,0.0,1.0
113,k2_cross_lingual,0,1113,9.4835,164.7791,174.2626,0113_k2_cross_lingual.wav,dcf4ad81c1d905638d96f9571a95201976403ad7a0d04fb935656264d6fbba0e,3.48,k2_cross_lingual,0.8516,0.763,0,"{""k2_zero_shot"": 0.0886, ""k2_cross_lingual"": 0.8516}",k2_cross_lingual,0.9318,0.5999,0,"{""k2_zero_shot"": 0.3318, ""k2_cross_lingual"": 0.9318}",0,0,Thank you so much for the birthday gift you sent me last week.,0.0,0.9457
114,k2_zero_shot,1,1114,12.2157,164.8457,177.0614,0114_k2_zero_shot.wav,ac119db0ce37089fc11517f42641ff06fe1aae6c41dcc75dc2a8b5d47f288f80,5.24,k2_zero_shot,0.784,0.6101,0,"{""k2_zero_shot"": 0.784, ""k2_cross_lingual"": 0.174}",k2_zero_shot,0.9095,0.6681,0,"{""k2_zero_shot"": 0.9095, ""k2_cross_lingual"": 0.2415}",0,0,"The weather is lovely today with warm sunshine and a gentle breeze, so we decided to walk in the park.",0.0,0.9291
115,k2_cross_lingual,1,1115,12.2167,164.8459,177.0627,0115_k2_cross_lingual.wav,6b0a9bc51c3ee96657e9476e7b6396cb99a531d944629a58a243f43b0a20280b,5.12,k2_zero_shot,0.2125,-0.4621,1,"{""k2_zero_shot"": 0.6747, ""k2_cross_lingual"": 0.2125}",k2_zero_shot,0.3431,-0.5695,1,"{""k2_zero_shot"": 0.9125, ""k2_cross_lingual"": 0.3431}",1,1,"The weather is lovely today with warm sunshine and a gentle breeze, so we decided to walk in the park.",0.0,1.0
116,k2_zero_shot,2,1116,12.2164,164.8473,177.0636,0116_k2_zero_shot.wav,dd5eae079013a3e114fc6a736f0fc2eccf4693a1537b07684b5f747ea65f4722,5.56,k2_zero_shot,0.7045,0.4869,0,"{""k2_zero_shot"": 0.7045, ""k2_cross_lingual"": 0.2176}",k2_zero_shot,0.9547,0.5944,0,"{""k2_zero_shot"": 0.9547, ""k2_cross_lingual"": 0.3602}",0,0,Please remember to bring your notebook and pen to the meeting tomorrow morning.,0.0714,1.2523
117,k2_cross_lingual,2,1117,7.0368,171.3294,178.3662,0117_k2_cross_lingual.wav,9fab60d613296793ef1bde65957a37055ffed3cdc87d933a33f802bf9d825704,4.0,k2_cross_lingual,0.8207,0.7,0,"{""k2_zero_shot"": 0.1207, ""k2_cross_lingual"": 0.8207}",k2_cross_lingual,0.8059,0.4993,0,"{""k2_zero_shot"": 0.3066, ""k2_cross_lingual"": 0.8059}",0,0,Please remember to bring your notebook and a pen to the meeting tomorrow morning.,0.0,1.0753
118,k2_zero_shot,3,1118,7.0207,173.8532,180.874,0118_k2_zero_shot.wav,457d2974d20fb5de9bd0d03a5a6d519d8228ad7189029b581ba1195b335c0539,9.96,k2_zero_shot,0.7621,0.5099,0,"{""k2_zero_shot"": 0.7621, ""k2_cross_lingual"": 0.2522}",k2_zero_shot,0.9207,0.6961,0,"{""k2_zero_shot"": 0.9207, ""k2_cross_lingual"": 0.2246}",0,0,"After the long winter, the farmers were glad to see the first green shoots appear in the fields, and the children ran outside to play until the sun went down behind the hills.",0.0,1.0826
119,k2_cross_lingual,3,1119,6.6087,174.2635,180.8722,0119_k2_cross_lingual.wav,1d8a9fd3593cb78199f666b8210aad0b3dc0b241a31b71bed1cfe759698930a4,8.2,k2_cross_lingual,0.9038,0.8009,0,"{""k2_zero_shot"": 0.1028, ""k2_cross_lingual"": 0.9038}",k2_cross_lingual,0.8214,0.4842,0,"{""k2_zero_shot"": 0.3372, ""k2_cross_lingual"": 0.8214}",0,0,"After the long winter, the farmers were glad to see the first green shoots appear in the fields, and the children ran outside to play until the sun went down behind the hills.",0.0,0.9361
