commit,mode,overlay,K,C,seeds,n_requests,n_errors,campplus_wrong,campplus_wrong_n,campplus_wrong_ci,wavlm_wrong,wavlm_wrong_n,wavlm_wrong_ci,wrong_both_agree,wrong_both_agree_n,wrong_both_agree_ci,wer_mean,wer_gt_0.2,dur_ratio_gt_1.3,fisher_p_vs_C1,leak
1ea0ee3,async,-,2,8,"1,2,3",360,0,0,360,"[0.000, 0.011]",0,360,"[0.000, 0.011]",0,360,"[0.000, 0.011]",0.0012,0,6,,no-C1-baseline
bbee488,async,-,2,1,1,120,0,0,120,"[0.000, 0.031]",0,120,"[0.000, 0.031]",0,120,"[0.000, 0.031]",0.0012,0,4,,
bbee488,async,-,2,8,"1,2,3",360,0,0,360,"[0.000, 0.011]",1,360,"[0.000, 0.016]",0,360,"[0.000, 0.011]",0.0061,1,5,1.00e+00,no
bbee488,async,-,8,1,1,120,0,0,120,"[0.000, 0.031]",0,120,"[0.000, 0.031]",0,120,"[0.000, 0.031]",0.0057,0,3,,
bbee488,async,-,8,8,"1,2,3",360,0,0,360,"[0.000, 0.011]",0,360,"[0.000, 0.011]",0,360,"[0.000, 0.011]",0.0053,0,5,1.00e+00,no
bbee488,async,mns4,8,8,"1,2,3",360,0,0,360,"[0.000, 0.011]",0,360,"[0.000, 0.011]",0,360,"[0.000, 0.011]",0.0032,0,3,1.00e+00,no
bbee488,async,prefix,8,8,"1,2,3",360,335,0,25,"[0.000, 0.133]",0,25,"[0.000, 0.133]",0,25,"[0.000, 0.133]",0.0,0,0,1.00e+00,no
c85f1a4,async,-,2,1,1,120,0,0,120,"[0.000, 0.031]",0,120,"[0.000, 0.031]",0,120,"[0.000, 0.031]",0.0012,0,4,,
c85f1a4,async,-,2,8,"1,2,3",360,0,42,360,"[0.087, 0.154]",43,360,"[0.090, 0.157]",42,360,"[0.087, 0.154]",0.0066,2,7,2.98e-06,YES
c85f1a4,async,-,8,1,1,120,0,0,120,"[0.000, 0.031]",0,120,"[0.000, 0.031]",0,120,"[0.000, 0.031]",0.0057,0,3,,
c85f1a4,async,-,8,8,"1,2,3",360,0,95,360,"[0.221, 0.312]",92,360,"[0.213, 0.303]",90,360,"[0.208, 0.297]",0.0064,0,2,2.17e-13,YES
