run_dir,commit,mode,overlay,K,C,seed,n_requests,n_errors,campplus_wrong,wavlm_wrong,wrong_both_agree,wer_mean,dur_ratio_gt_1.3
/home/ubuntu/cv3_out/runs/1ea0ee3_async/K2_C8_s1,1ea0ee3,async,-,2,8,1,120,0,0,0,0,0.0023,2
/home/ubuntu/cv3_out/runs/1ea0ee3_async/K2_C8_s2,1ea0ee3,async,-,2,8,2,120,0,0,0,0,0.0008,2
/home/ubuntu/cv3_out/runs/1ea0ee3_async/K2_C8_s3,1ea0ee3,async,-,2,8,3,120,0,0,0,0,0.0006,2
/home/ubuntu/cv3_out/runs/bbee488_async/K2_C1_s1,bbee488,async,-,2,1,1,120,0,0,0,0,0.0012,4
/home/ubuntu/cv3_out/runs/bbee488_async/K2_C8_s1,bbee488,async,-,2,8,1,120,0,0,0,0,0.0029,2
/home/ubuntu/cv3_out/runs/bbee488_async/K2_C8_s2,bbee488,async,-,2,8,2,120,0,0,0,0,0.0024,1
/home/ubuntu/cv3_out/runs/bbee488_async/K2_C8_s3,bbee488,async,-,2,8,3,120,0,0,1,0,0.0129,2
/home/ubuntu/cv3_out/runs/bbee488_async/K8_C1_s1,bbee488,async,-,8,1,1,120,0,0,0,0,0.0057,3
/home/ubuntu/cv3_out/runs/bbee488_async/K8_C8_s1,bbee488,async,-,8,8,1,120,0,0,0,0,0.006,3
/home/ubuntu/cv3_out/runs/bbee488_async/K8_C8_s2,bbee488,async,-,8,8,2,120,0,0,0,0,0.0054,2
/home/ubuntu/cv3_out/runs/bbee488_async/K8_C8_s3,bbee488,async,-,8,8,3,120,0,0,0,0,0.0044,0
/home/ubuntu/cv3_out/runs/bbee488_async_mns4/K8_C8_s1,bbee488,async,mns4,8,8,1,120,0,0,0,0,0.0022,2
/home/ubuntu/cv3_out/runs/bbee488_async_mns4/K8_C8_s2,bbee488,async,mns4,8,8,2,120,0,0,0,0,0.0038,1
/home/ubuntu/cv3_out/runs/bbee488_async_mns4/K8_C8_s3,bbee488,async,mns4,8,8,3,120,0,0,0,0,0.0035,0
/home/ubuntu/cv3_out/runs/bbee488_async_prefix/K8_C8_s1,bbee488,async,prefix,8,8,1,120,95,0,0,0,0.0,0
/home/ubuntu/cv3_out/runs/bbee488_async_prefix/K8_C8_s2,bbee488,async,prefix,8,8,2,120,120,0,0,0,,0
/home/ubuntu/cv3_out/runs/bbee488_async_prefix/K8_C8_s3,bbee488,async,prefix,8,8,3,120,120,0,0,0,,0
/home/ubuntu/cv3_out/runs/c85f1a4_async/K2_C1_s1,c85f1a4,async,-,2,1,1,120,0,0,0,0,0.0012,4
/home/ubuntu/cv3_out/runs/c85f1a4_async/K2_C8_s1,c85f1a4,async,-,2,8,1,120,0,16,16,16,0.0024,2
/home/ubuntu/cv3_out/runs/c85f1a4_async/K2_C8_s2,c85f1a4,async,-,2,8,2,120,0,17,17,17,0.0019,0
/home/ubuntu/cv3_out/runs/c85f1a4_async/K2_C8_s3,c85f1a4,async,-,2,8,3,120,0,9,10,9,0.0155,5
/home/ubuntu/cv3_out/runs/c85f1a4_async/K8_C1_s1,c85f1a4,async,-,8,1,1,120,0,0,0,0,0.0057,3
/home/ubuntu/cv3_out/runs/c85f1a4_async/K8_C8_s1,c85f1a4,async,-,8,8,1,120,0,28,27,26,0.0062,1
/home/ubuntu/cv3_out/runs/c85f1a4_async/K8_C8_s2,c85f1a4,async,-,8,8,2,120,0,32,30,29,0.0079,0
/home/ubuntu/cv3_out/runs/c85f1a4_async/K8_C8_s3,c85f1a4,async,-,8,8,3,120,0,35,35,35,0.0051,1
