commit,mode,overlay,K,C,seeds,requests,errors,scored,campplus_wrong,wavlm_wrong,wrong_both_agree,agree_rate,agree_ci95,fisher_p_vs_C1,wer_mean,wer_gt_0.2,dur_baseline,dur_gt_1.3x_C1,dur_ratio_max,mech_pred_voice_in_flight,mech_earliest_only,mech_adjacent_only,mech_both,mech_neither,mech_earliest_obs,mech_earliest_null,mech_adjacent_obs,mech_adjacent_null,mech_offset_hist
1ea0ee3,async,-,2,8,"1,2,3",360,0,360,0,0,0,0.0,"[0.000, 0.011]",,0.0012,0,other-commit C=1,5,2.52,0,0,0,0,0,0,0,0,0,
bbee488,async,-,2,1,1,120,0,120,0,0,0,0.0,"[0.000, 0.031]",,0.0012,0,bbee488 C=1,4,1.52,,,,,,,,,,
bbee488,async,-,2,8,"1,2,3",360,0,360,0,1,0,0.0,"[0.000, 0.011]",1.00e+00,0.0061,1,bbee488 C=1,4,2.72,0,0,0,0,0,0,0,0,0,
bbee488,async,-,8,1,1,120,0,120,0,0,0,0.0,"[0.000, 0.031]",,0.0057,0,bbee488 C=1,3,1.89,,,,,,,,,,
bbee488,async,-,8,8,"1,2,3",360,0,360,0,0,0,0.0,"[0.000, 0.011]",1.00e+00,0.0053,0,bbee488 C=1,6,1.48,0,0,0,0,0,0,0,0,0,
bbee488,async,mns4,8,8,"1,2,3",360,0,360,0,0,0,0.0,"[0.000, 0.011]",1.00e+00,0.0032,0,bbee488 C=1,6,2.0,0,0,0,0,0,0,0,0,0,
bbee488,async,prefix,8,8,1,120,95,25,0,0,0,0.0,"[0.000, 0.133]",1.00e+00,0.0,0,bbee488 C=1,1,1.34,0,0,0,0,0,0,0,0,0,
c85f1a4,async,-,2,1,1,120,0,120,0,0,0,0.0,"[0.000, 0.031]",,0.0012,0,c85f1a4 C=1,4,1.52,,,,,,,,,,
c85f1a4,async,-,2,8,"1,2,3",360,0,360,42,43,42,0.1167,"[0.087, 0.154]",2.98e-06,0.0066,2,c85f1a4 C=1,4,2.27,42,0,22,20,0,20,20.0,42,42.0,1:42
c85f1a4,async,-,8,1,1,120,0,120,0,0,0,0.0,"[0.000, 0.031]",,0.0057,0,c85f1a4 C=1,3,1.89,,,,,,,,,,
c85f1a4,async,-,8,8,"1,2,3",360,0,360,95,92,90,0.25,"[0.208, 0.297]",2.17e-13,0.0064,0,c85f1a4 C=1,7,2.02,90,2,59,11,18,13,10.7,70,25.7,1:70 2:13 3:6 4:1
